market,week_start,total_spend,search_spend,social_spend,display_spend,video_spend,brand_search,revenue
market_alpha,2021-01-04,42450.65,15089.21,10519.91,9667.91,7173.61,32.8,50905.91
market_alpha,2021-01-11,36772.3,13594.74,8521.85,7613.47,7042.25,33.25,132027.89
market_alpha,2021-01-18,45746.95,15475.79,11424.5,9973.31,8873.35,56.76,232483.07
market_alpha,2021-01-25,49889.8,16950.75,12649.6,11830.9,8458.55,57.26,288167.03
market_alpha,2021-02-01,48316.82,16038.33,11695.61,11401.36,9181.53,60.87,346702.96
market_alpha,2021-02-08,48037.55,16269.83,11660.3,10873.24,9234.18,62.81,386787.79
market_alpha,2021-02-15,41150.26,15315.96,9380.75,9312.37,7141.19,69.22,369466.96
market_alpha,2021-02-22,42955.51,15154.86,11211.39,8721.42,7867.83,75.76,400906.48
market_alpha,2021-03-01,48580.72,15693.66,13104.35,10784.85,8997.87,65.41,454415.79
market_alpha,2021-03-08,55533.62,19261.08,13783.45,12531.08,9958.0,57.42,428290.12
market_alpha,2021-03-15,56019.66,19424.58,13837.43,12435.49,10322.17,68.37,385598.19
market_alpha,2021-03-22,50733.1,16375.0,13420.74,11494.25,9443.11,70.8,406741.44
market_alpha,2021-03-29,52516.78,19048.6,12595.61,11631.98,9240.58,74.03,452146.69
market_alpha,2021-04-05,58879.64,21193.59,14387.51,13333.35,9965.19,76.5,463372.37
market_alpha,2021-04-12,49588.91,17182.15,12143.31,10524.39,9739.06,67.32,487778.73
market_alpha,2021-04-19,61108.51,21803.68,14906.14,13584.26,10814.43,64.09,460148.67
market_alpha,2021-04-26,54624.06,19459.57,13543.83,12491.81,9128.85,65.68,415553.89
market_alpha,2021-05-03,49830.27,18072.72,13602.66,10173.73,7981.16,74.9,420018.33
market_alpha,2021-05-10,46750.41,15601.63,12129.0,10164.08,8855.7,69.45,465840.95
market_alpha,2021-05-17,41364.32,13855.86,11071.86,8832.11,7604.49,68.17,463992.47
market_alpha,2021-05-24,54781.97,20232.19,13585.92,11911.1,9052.77,66.58,454719.09
market_alpha,2021-05-31,40624.58,13866.76,10507.52,8702.18,7548.13,64.93,413203.27
market_alpha,2021-06-07,38658.24,12193.68,9887.88,9039.82,7536.86,64.09,386844.07
market_alpha,2021-06-14,44032.67,15745.71,10091.17,10194.16,8001.62,66.53,403371.09
market_alpha,2021-06-21,37231.23,13191.06,9445.76,8465.09,6129.32,56.82,435798.57
market_alpha,2021-06-28,31030.07,11526.96,7399.25,6678.44,5425.42,63.52,389090.91
market_alpha,2021-07-05,47469.51,16785.64,11572.65,10759.25,8351.96,58.21,409971.36
market_alpha,2021-07-12,39590.16,13721.09,10316.85,8756.41,6795.81,55.93,392002.35
market_alpha,2021-07-19,36658.7,11972.0,9833.75,8372.8,6480.15,64.29,357956.74
market_alpha,2021-07-26,49238.86,18008.2,12556.62,11105.73,7568.31,57.4,366566.84
market_alpha,2021-08-02,48592.12,17330.19,12244.5,10735.08,8282.35,48.88,382139.06
market_alpha,2021-08-09,42779.79,15227.32,10527.6,9329.7,7695.17,59.55,330758.78
market_alpha,2021-08-16,43356.46,15256.89,10150.42,9904.91,8044.24,61.38,339480.49
market_alpha,2021-08-23,41561.66,14544.69,9897.27,9507.62,7612.08,71.16,363759.42
market_alpha,2021-08-30,34669.77,11380.99,9301.8,7862.41,6124.57,61.85,426971.56
market_alpha,2021-09-06,17346.5,6230.89,4300.55,3953.04,2862.02,67.51,404323.02
market_alpha,2021-09-13,26413.62,9092.7,7073.34,5775.69,4471.88,66.7,426148.7
market_alpha,2021-09-20,25811.17,9548.9,6345.82,5372.62,4543.83,51.65,426971.96
market_alpha,2021-09-27,35136.31,12106.44,8873.01,7827.2,6329.66,41.52,396450.07
market_alpha,2021-10-04,39898.39,13642.8,10325.82,8625.79,7303.98,49.16,273110.97
market_alpha,2021-10-11,41899.79,15552.6,9850.3,9358.73,7138.16,56.64,283446.01
market_alpha,2021-10-18,31684.75,10607.22,7744.68,7421.22,5911.63,59.36,352554.74
market_alpha,2021-10-25,33755.19,12259.11,8467.83,7496.46,5531.79,65.1,362786.96
market_alpha,2021-11-01,38991.67,12889.46,10094.95,8449.32,7557.94,62.54,421247.49
market_alpha,2021-11-08,27088.25,8851.89,6797.31,6008.35,5430.7,56.76,397790.94
market_alpha,2021-11-15,30097.5,10199.47,7571.04,7032.62,5294.36,60.99,379439.06
market_alpha,2021-11-22,27514.45,10142.82,6306.93,6296.89,4767.81,62.94,385553.87
market_alpha,2021-11-29,30900.67,10898.12,7754.54,6436.5,5811.52,51.07,383104.33
market_alpha,2021-12-06,34348.36,11538.72,8332.23,7884.51,6592.91,49.05,375741.41
market_alpha,2021-12-13,33020.96,11515.43,7821.6,8024.49,5659.43,50.33,342426.95
market_alpha,2021-12-20,42369.47,14571.19,10758.9,9529.89,7509.49,54.33,314351.55
market_alpha,2021-12-27,45706.34,16895.48,10918.14,9792.75,8099.96,58.91,337399.34
market_alpha,2022-01-03,51053.35,18701.77,12791.28,10535.09,9025.21,64.41,366031.58
market_alpha,2022-01-10,50328.32,17723.28,12490.99,10826.63,9287.42,63.91,383537.3
market_alpha,2022-01-17,39638.34,13789.81,9379.42,9099.65,7369.45,67.08,407793.11
market_alpha,2022-01-24,44787.44,16541.12,11372.64,8902.66,7971.01,75.2,411694.4
market_alpha,2022-01-31,45107.48,16324.31,11063.11,9164.86,8555.19,68.21,446592.13
market_alpha,2022-02-07,57645.08,21743.21,15364.02,11271.43,9266.43,59.11,467634.4
market_alpha,2022-02-14,57332.71,20170.46,14972.28,11547.67,10642.3,63.34,400384.48
market_alpha,2022-02-21,59152.28,20781.84,14566.08,13388.93,10415.43,65.6,403633.1
market_alpha,2022-02-28,64026.02,22793.74,15218.42,14895.33,11118.53,69.91,406640.52
market_alpha,2022-03-07,59014.52,20549.12,14699.31,13487.01,10279.08,68.78,401425.61
market_alpha,2022-03-14,48828.18,17166.35,11458.28,11429.5,8774.07,76.87,419554.74
market_alpha,2022-03-21,50010.17,17929.25,11910.85,11785.14,8384.93,80.45,457289.11
market_alpha,2022-03-28,55263.72,17767.07,14723.01,13070.62,9703.02,71.59,473496.23
market_alpha,2022-04-04,59935.39,20089.93,15666.76,13315.17,10863.54,67.49,475130.65
market_alpha,2022-04-11,74071.6,24582.21,19601.14,16824.4,13063.85,67.42,431805.04
market_alpha,2022-04-18,67355.48,23693.04,17043.78,15147.35,11471.31,76.26,443429.52
market_alpha,2022-04-25,75851.12,28989.85,17968.19,15896.96,12996.11,81.46,458823.32
market_alpha,2022-05-02,58571.71,20356.63,14471.73,12577.42,11165.93,84.3,505670.06
market_alpha,2022-05-09,59091.48,20639.97,15253.48,12614.31,10583.71,79.61,488769.97
market_alpha,2022-05-16,52503.55,18610.58,12602.45,12304.06,8986.46,82.17,539246.44
market_alpha,2022-05-23,45829.76,15915.2,11368.06,10410.88,8135.61,75.29,504891.79
market_alpha,2022-05-30,37595.25,13210.07,9106.39,7925.82,7352.97,80.48,479009.2
market_alpha,2022-06-06,30972.48,10653.13,7833.02,6979.09,5507.24,62.3,503005.53
market_alpha,2022-06-13,45881.06,16515.23,11084.59,9735.85,8545.39,58.41,448083.87
market_alpha,2022-06-20,33446.9,11570.25,8981.83,7133.96,5760.86,52.68,360243.53
market_alpha,2022-06-27,32236.72,9929.46,8569.29,7510.54,6227.44,58.47,363483.64
market_alpha,2022-07-04,28937.23,10486.51,6930.87,6484.3,5035.54,54.86,357927.26
market_alpha,2022-07-11,33211.34,11995.43,7800.82,7571.99,5843.09,52.87,406888.64
market_alpha,2022-07-18,25911.68,8830.77,6274.85,5900.97,4905.1,56.74,321031.9
market_alpha,2022-07-25,22501.52,7933.2,5936.73,4878.39,3753.2,51.43,352016.13
market_alpha,2022-08-01,30987.0,10983.7,7770.81,6841.54,5390.94,52.23,337555.19
market_alpha,2022-08-08,33365.1,11397.94,8841.44,6941.34,6184.37,43.87,340751.37
market_alpha,2022-08-15,29206.79,10575.74,7432.19,6290.47,4908.39,51.22,300664.91
market_alpha,2022-08-22,36312.66,12914.11,9275.7,7829.6,6293.25,54.9,287858.12
market_alpha,2022-08-29,39169.3,13421.66,10068.35,8758.34,6920.94,53.67,332582.14
market_alpha,2022-09-05,37110.29,12694.88,9370.84,8494.42,6550.15,49.42,389952.43
market_alpha,2022-09-12,27914.37,9888.84,7160.6,6157.5,4707.43,63.15,333527.04
market_alpha,2022-09-19,31850.87,10815.93,8519.56,6979.15,5536.23,64.24,369693.59
market_alpha,2022-09-26,32072.59,10711.22,8072.63,7569.85,5718.88,54.87,415924.57
market_alpha,2022-10-03,42552.58,15405.79,10829.03,8940.61,7377.16,50.29,371817.04
market_alpha,2022-10-10,37029.98,12225.51,9570.33,8618.59,6615.56,56.0,338460.15
market_alpha,2022-10-17,38940.55,13790.57,9494.03,8572.36,7083.58,56.76,342949.97
market_alpha,2022-10-24,33086.29,10984.56,8494.85,7349.65,6257.23,61.46,347540.7
market_alpha,2022-10-31,47180.66,16313.07,12586.72,9932.18,8348.68,61.36,393369.97
market_alpha,2022-11-07,37657.41,12586.09,9407.81,8471.09,7192.42,54.43,419155.93
market_alpha,2022-11-14,45796.16,15450.2,11379.61,10594.46,8371.89,58.18,364965.47
market_alpha,2022-11-21,56234.26,19952.55,14454.92,12485.15,9341.64,57.94,382105.84
market_alpha,2022-11-28,37991.94,13345.93,10121.76,7981.54,6542.71,65.33,366686.06
market_alpha,2022-12-05,29540.81,10059.56,7567.11,6244.84,5669.31,71.02,404836.32
market_alpha,2022-12-12,31137.04,11000.63,8113.91,6406.68,5615.82,62.51,448029.94
market_alpha,2022-12-19,26909.24,8517.25,7465.57,6312.9,4613.51,54.2,418264.29
market_alpha,2022-12-26,32397.98,11566.42,7704.98,6907.78,6218.79,55.82,402864.03
market_alpha,2023-01-02,29949.1,10941.63,7239.88,6269.62,5497.98,54.48,354271.34
market_alpha,2023-01-09,42534.44,15320.99,10770.33,8959.12,7484.0,62.52,355730.82
market_alpha,2023-01-16,46711.69,17588.13,11065.29,9958.52,8099.75,59.44,372247.61
market_alpha,2023-01-23,41189.13,14442.23,10798.98,8748.69,7199.23,63.57,388494.13
market_alpha,2023-01-30,42945.71,14245.14,10879.09,9478.42,8343.06,68.41,382806.0
market_alpha,2023-02-06,60356.65,21312.11,15746.09,12698.38,10600.08,58.46,416779.62
market_alpha,2023-02-13,58730.1,20906.15,13992.36,13216.1,10615.48,58.07,418288.56
market_alpha,2023-02-20,58854.84,20929.54,14959.36,13217.71,9748.23,69.1,388652.89
market_alpha,2023-02-27,59694.16,20991.94,13911.35,13237.7,11553.18,74.24,404771.06
market_alpha,2023-03-06,46746.33,16047.27,12298.08,10287.31,8113.67,74.02,487626.15
market_alpha,2023-03-13,58870.08,20346.83,14488.54,12921.03,11113.68,72.45,448094.33
market_alpha,2023-03-20,64251.2,20902.64,16302.38,15839.03,11207.15,69.86,464963.78
market_alpha,2023-03-27,49287.44,17911.68,12871.93,10446.41,8057.42,69.47,461522.03
market_alpha,2023-04-03,55487.32,19377.97,13406.42,12241.91,10461.01,76.66,432005.9
market_alpha,2023-04-10,48114.98,17961.14,11473.8,10296.01,8384.03,71.92,455233.74
market_alpha,2023-04-17,53156.34,17761.32,13881.8,11726.0,9787.22,71.63,462132.4
market_alpha,2023-04-24,51564.43,18186.14,12529.59,11608.97,9239.73,72.5,432410.98
market_alpha,2023-05-01,53178.89,18568.64,12986.74,12310.48,9313.03,69.84,465433.72
market_alpha,2023-05-08,35994.78,12331.11,9162.57,7993.43,6507.67,72.74,423587.34
market_alpha,2023-05-15,33459.32,11037.94,8824.61,7665.99,5930.77,65.57,454565.48
market_alpha,2023-05-22,40393.24,14373.88,9707.18,8911.29,7400.9,65.27,420316.6
market_alpha,2023-05-29,38273.3,13359.92,9642.16,8377.47,6893.76,53.45,444719.42
market_alpha,2023-06-05,42602.87,15277.22,9865.03,9851.53,7609.08,56.13,362378.15
market_alpha,2023-06-12,41026.27,14614.67,9741.84,9218.29,7451.48,65.92,356094.03
market_alpha,2023-06-19,39159.26,13939.16,9962.68,8783.83,6473.59,63.49,413364.62
market_alpha,2023-06-26,45222.37,15961.75,11563.02,9885.53,7812.07,62.53,407916.15
market_alpha,2023-07-03,51077.29,18044.15,12576.13,11331.38,9125.63,67.6,399454.75
market_alpha,2023-07-10,41279.84,14604.02,10687.19,8718.23,7270.4,66.65,392027.17
market_alpha,2023-07-17,51867.24,16626.24,13665.19,11481.14,10094.67,66.01,441922.28
market_alpha,2023-07-24,43351.41,15104.54,10662.47,9897.06,7687.33,73.17,424310.67
market_alpha,2023-07-31,42855.02,15574.13,10941.32,8761.28,7578.29,63.34,426721.29
market_alpha,2023-08-07,35107.19,12092.27,8992.42,7494.22,6528.29,61.53,423985.34
market_alpha,2023-08-14,26478.48,8773.16,7061.4,5863.53,4780.4,68.8,405389.99
market_alpha,2023-08-21,46702.68,16910.41,11564.56,10398.11,7829.61,56.77,412256.86
market_alpha,2023-08-28,23138.69,8103.52,5745.53,5187.44,4102.19,49.33,363804.28
market_alpha,2023-09-04,18508.17,6531.73,4515.95,3940.4,3520.1,62.83,346486.05
market_alpha,2023-09-11,29262.49,10287.07,7258.88,6108.16,5608.39,59.25,345267.14
market_alpha,2023-09-18,17596.2,5952.6,4326.28,4178.58,3138.74,46.11,380533.87
market_alpha,2023-09-25,21327.01,7753.75,5370.61,4899.01,3303.64,52.09,356743.78
market_alpha,2023-10-02,21156.37,8010.37,5329.51,4545.4,3271.08,47.9,318658.75
market_alpha,2023-10-09,10534.61,3733.11,2551.68,2487.18,1762.64,44.69,317435.16
market_alpha,2023-10-16,27073.55,10286.67,6530.27,5491.92,4764.69,47.56,308337.86
market_alpha,2023-10-23,35738.86,12638.97,8639.52,8398.52,6061.85,32.86,306031.8
market_alpha,2023-10-30,27049.07,9181.94,7200.71,5846.23,4820.18,44.92,264627.09
market_alpha,2023-11-06,27433.14,10107.9,6600.0,5756.72,4968.52,52.45,270243.27
market_alpha,2023-11-13,25899.62,8547.63,6824.39,5369.87,5157.73,52.61,329124.68
market_alpha,2023-11-20,30685.49,11142.36,7464.43,6455.5,5623.2,51.94,349140.23
market_alpha,2023-11-27,29954.89,10562.92,7379.81,6637.0,5375.16,52.72,337909.59
market_alpha,2023-12-04,34080.52,11519.72,8865.77,7316.3,6378.73,53.75,310440.98
market_alpha,2023-12-11,42046.47,15207.38,9804.34,9784.13,7250.62,56.28,353511.04
market_alpha,2023-12-18,38768.16,12644.32,10545.06,8557.23,7021.55,55.46,346685.13
market_alpha,2023-12-25,36273.14,12467.96,9389.24,8181.55,6234.39,60.29,353610.61
market_beta,2021-01-04,28078.09,7774.41,8682.19,6593.63,5027.85,25.96,28668.53
market_beta,2021-01-11,17576.89,4738.67,5356.05,4439.69,3042.48,26.17,116388.04
market_beta,2021-01-18,30013.26,7452.36,9365.33,7657.04,5538.53,39.96,131243.47
market_beta,2021-01-25,25970.82,7776.69,7578.89,5828.36,4786.89,46.66,202579.59
market_beta,2021-02-01,20207.47,5634.59,6359.83,4879.64,3333.41,41.06,249669.49
market_beta,2021-02-08,27378.72,7621.04,8687.98,5962.42,5107.28,47.68,233006.17
market_beta,2021-02-15,26255.31,6986.69,8221.45,6397.11,4650.06,38.51,254050.97
market_beta,2021-02-22,34473.37,9275.65,9781.15,8686.84,6729.72,45.46,227906.02
market_beta,2021-03-01,42831.05,12008.04,13232.64,10158.44,7431.93,47.61,229268.22
market_beta,2021-03-08,49147.9,13907.79,14092.03,11606.93,9541.16,49.76,255202.14
market_beta,2021-03-15,39730.67,11396.97,11571.46,9425.2,7337.03,56.25,264295.48
market_beta,2021-03-22,40194.67,10765.83,12680.77,9306.82,7441.25,61.25,285251.89
market_beta,2021-03-29,42490.63,12253.35,12319.74,10135.34,7782.21,58.6,303909.11
market_beta,2021-04-05,42012.38,11733.74,12888.93,10359.44,7030.27,52.82,308290.15
market_beta,2021-04-12,40036.04,10775.87,11289.13,10526.29,7444.75,59.32,281525.26
market_beta,2021-04-19,37997.22,10609.27,11016.03,9188.67,7183.25,53.68,314769.26
market_beta,2021-04-26,32811.64,9358.94,10022.5,7271.32,6158.87,57.93,279049.74
market_beta,2021-05-03,35258.47,9890.19,11072.3,8558.35,5737.64,55.54,289196.27
market_beta,2021-05-10,34889.06,9465.32,10921.48,8031.26,6471.0,51.33,295890.44
market_beta,2021-05-17,39735.48,11359.45,11684.73,9905.0,6786.3,50.14,270314.54
market_beta,2021-05-24,33849.93,10289.29,9211.21,8282.56,6066.87,50.84,263656.65
market_beta,2021-05-31,31150.64,8858.11,8980.83,7828.79,5482.9,56.58,265610.36
market_beta,2021-06-07,28915.35,7892.11,8856.97,6694.95,5471.32,55.81,283400.86
market_beta,2021-06-14,32652.55,9338.31,8768.78,8189.9,6355.57,46.45,304844.07
market_beta,2021-06-21,25162.15,7322.62,7121.68,6175.12,4542.73,50.2,281983.26
market_beta,2021-06-28,24413.21,6898.04,6828.14,5866.09,4820.93,50.58,260510.4
market_beta,2021-07-05,24424.71,7075.7,7429.84,5334.28,4584.87,44.01,246896.66
market_beta,2021-07-12,28058.38,7924.45,8415.86,6560.66,5157.4,46.19,247550.28
market_beta,2021-07-19,24734.1,6516.08,7637.35,6237.97,4342.71,50.96,239672.5
market_beta,2021-07-26,19461.65,5149.48,5965.07,4827.5,3519.6,44.18,253279.51
market_beta,2021-08-02,24062.25,6754.15,7501.21,5717.53,4089.36,49.21,248637.94
market_beta,2021-08-09,28137.87,7908.57,8416.68,6516.75,5295.87,39.06,253899.37
market_beta,2021-08-16,24332.72,6861.15,7437.92,5584.83,4448.83,39.6,247887.41
market_beta,2021-08-23,20247.79,5981.01,6106.1,4491.72,3668.95,39.16,210279.96
market_beta,2021-08-30,20265.34,5580.57,6071.65,5156.1,3457.02,49.29,206662.8
market_beta,2021-09-06,25352.05,7050.1,7300.61,6726.35,4274.99,42.28,239218.82
market_beta,2021-09-13,18363.18,5066.39,5835.49,4372.46,3088.84,44.2,238698.86
market_beta,2021-09-20,22054.95,6627.86,6270.39,5096.33,4060.38,47.48,224463.82
market_beta,2021-09-27,16897.63,4683.09,5067.73,3998.33,3148.48,41.04,235000.08
market_beta,2021-10-04,18927.31,5007.84,5923.74,4551.48,3444.26,43.23,237704.9
market_beta,2021-10-11,26054.03,6871.46,7723.1,6592.02,4867.45,39.67,230940.3
market_beta,2021-10-18,21383.87,6098.22,6259.87,5080.42,3945.36,37.62,214498.22
market_beta,2021-10-25,19339.14,5445.44,5922.53,4526.82,3444.35,43.63,205093.56
market_beta,2021-11-01,23638.01,6812.47,7258.29,5334.86,4232.39,49.22,218771.97
market_beta,2021-11-08,20283.81,5537.53,6020.1,5063.39,3662.79,42.78,241757.68
market_beta,2021-11-15,20414.26,5842.85,6098.32,4767.92,3705.16,43.98,231083.36
market_beta,2021-11-22,19105.02,5523.85,5659.84,4634.73,3286.6,37.63,218089.17
market_beta,2021-11-29,24014.87,6561.79,7407.32,5954.34,4091.42,38.02,220353.62
market_beta,2021-12-06,23728.13,6685.32,7222.17,5761.85,4058.79,32.28,215754.49
market_beta,2021-12-13,21730.97,6113.61,6182.06,5310.49,4124.81,37.74,176373.9
market_beta,2021-12-20,27991.63,8054.92,7564.35,7181.41,5190.94,46.0,211220.18
market_beta,2021-12-27,33670.36,9197.58,9782.29,8366.3,6324.18,42.8,237787.45
market_beta,2022-01-03,28396.86,7800.45,8830.04,6881.95,4884.42,49.11,246750.47
market_beta,2022-01-10,28924.85,7750.81,8851.3,6956.14,5366.59,53.6,235457.16
market_beta,2022-01-17,28799.36,8295.92,8571.63,6504.76,5427.05,49.14,250211.52
market_beta,2022-01-24,25790.29,7132.02,7798.63,6379.2,4480.44,44.44,281517.0
market_beta,2022-01-31,30264.3,8547.31,9388.38,7278.77,5049.84,49.15,239694.24
market_beta,2022-02-07,27168.45,7507.95,8297.2,6606.29,4757.01,51.37,268349.95
market_beta,2022-02-14,33344.77,9695.07,9719.14,8142.77,5787.78,48.11,263819.5
market_beta,2022-02-21,35920.56,10388.01,10534.57,8940.16,6057.82,52.65,267586.8
market_beta,2022-02-28,34822.32,10093.89,10688.23,8501.52,5538.69,51.27,277354.67
market_beta,2022-03-07,30038.78,8356.17,9132.36,7136.04,5414.2,50.64,274236.96
market_beta,2022-03-14,22169.51,6082.17,6917.79,5177.54,3992.01,60.69,248567.91
market_beta,2022-03-21,28829.54,7863.83,8515.64,7261.87,5188.2,54.95,306657.51
market_beta,2022-03-28,33945.69,9618.34,10344.81,8208.0,5774.55,43.72,305025.54
market_beta,2022-04-04,33584.19,9806.97,10096.34,8055.48,5625.4,51.18,268604.55
market_beta,2022-04-11,28876.64,8167.44,8864.14,6566.84,5278.22,52.85,257951.55
market_beta,2022-04-18,32968.62,9597.76,9731.14,7670.53,5969.19,48.82,255748.0
market_beta,2022-04-25,29047.24,8251.02,8603.68,6995.91,5196.63,47.87,253674.59
market_beta,2022-05-02,25445.87,6995.36,7212.57,6422.44,4815.5,54.16,272067.47
market_beta,2022-05-09,26825.61,7684.48,7845.38,6654.51,4641.24,52.16,268003.67
market_beta,2022-05-16,26810.91,6993.92,8071.87,6989.83,4755.29,45.84,266688.27
market_beta,2022-05-23,22656.11,6425.39,6926.58,5582.02,3722.12,47.05,260023.4
market_beta,2022-05-30,28359.6,7803.93,8680.15,6781.4,5094.12,49.28,241990.59
market_beta,2022-06-06,32763.22,8899.32,9588.29,8208.28,6067.34,44.48,260755.6
market_beta,2022-06-13,25638.53,7183.06,7940.52,6131.97,4382.99,48.29,225221.28
market_beta,2022-06-20,22251.31,6456.94,6247.11,5542.48,4004.79,49.38,257368.84
market_beta,2022-06-27,24858.67,6611.27,7910.73,5887.61,4449.05,40.98,274690.52
market_beta,2022-07-04,26662.87,6991.24,7693.75,6597.5,5380.38,42.91,257274.45
market_beta,2022-07-11,20702.03,5943.46,6085.12,4940.18,3733.28,48.29,222438.93
market_beta,2022-07-18,23291.36,6232.89,6841.12,5577.7,4639.65,43.73,253611.86
market_beta,2022-07-25,21525.55,6428.88,6347.74,4793.7,3955.24,42.6,245406.63
market_beta,2022-08-01,25175.14,6350.21,7850.86,6299.66,4674.42,44.23,250854.76
market_beta,2022-08-08,26318.16,7534.02,7891.57,6258.96,4633.61,37.86,212952.82
market_beta,2022-08-15,29310.95,8312.99,8912.48,6691.11,5394.37,46.28,217994.05
market_beta,2022-08-22,30780.13,8420.76,9069.18,7491.72,5798.47,48.61,232895.12
market_beta,2022-08-29,21447.04,6049.09,6238.58,5386.13,3773.24,49.73,249377.95
market_beta,2022-09-05,22397.77,5966.98,7543.14,4696.55,4191.1,46.51,234527.3
market_beta,2022-09-12,25642.73,7126.21,7767.35,6045.13,4704.04,41.92,241267.96
market_beta,2022-09-19,27772.95,7884.6,8174.51,7098.91,4614.94,41.2,224395.89
market_beta,2022-09-26,20634.56,6207.03,6103.36,4919.43,3404.73,44.79,215640.92
market_beta,2022-10-03,18696.88,5204.56,5987.95,4335.68,3168.69,44.84,227454.28
market_beta,2022-10-10,22116.52,5980.21,6668.32,5470.46,3997.53,41.57,245190.86
market_beta,2022-10-17,20349.28,5974.55,5981.41,4698.09,3695.23,41.83,221860.24
market_beta,2022-10-24,20656.35,5691.42,6271.8,4871.76,3821.37,44.13,232737.18
market_beta,2022-10-31,20362.51,6111.51,5879.41,5064.03,3307.56,44.04,216276.05
market_beta,2022-11-07,18721.85,5239.07,5377.21,4589.73,3515.83,44.38,245324.42
market_beta,2022-11-14,21313.52,6028.23,6222.27,5073.9,3989.12,38.66,234474.45
market_beta,2022-11-21,25345.52,6991.75,7263.99,6079.23,5010.55,43.12,201399.52
market_beta,2022-11-28,28756.79,8154.88,7986.62,6955.13,5660.16,42.84,226233.96
market_beta,2022-12-05,26167.67,7244.58,7486.46,6328.87,5107.76,45.53,220196.31
market_beta,2022-12-12,29339.66,8598.7,8490.84,7242.16,5007.96,42.87,242316.64
market_beta,2022-12-19,19803.06,5385.93,5957.15,4966.81,3493.17,47.64,231243.77
market_beta,2022-12-26,26092.22,7805.68,7711.61,6141.87,4433.06,50.88,230462.83
market_beta,2023-01-02,38603.73,10620.61,11863.4,9223.7,6896.02,48.8,254119.01
market_beta,2023-01-09,36171.0,9914.3,10683.7,9075.36,6497.64,42.82,262997.79
market_beta,2023-01-16,31621.37,8735.66,9689.49,7799.59,5396.62,53.19,246892.62
market_beta,2023-01-23,26891.89,7904.77,7933.37,6178.08,4875.67,56.76,247740.4
market_beta,2023-01-30,35357.92,9237.07,10801.66,8519.16,6800.04,52.39,288438.98
market_beta,2023-02-06,30829.77,9063.39,8960.9,7220.91,5584.58,51.99,285359.24
market_beta,2023-02-13,37981.57,10032.04,12090.15,9108.65,6750.73,50.62,269279.33
market_beta,2023-02-20,36021.63,10127.48,10974.6,8569.99,6349.56,49.94,265780.51
market_beta,2023-02-27,24872.1,6938.32,7364.29,5942.33,4627.16,52.54,266155.0
market_beta,2023-03-06,40807.72,11206.25,12304.42,9887.97,7409.08,55.83,246338.33
market_beta,2023-03-13,30953.35,8878.28,9487.19,7339.95,5247.93,46.77,295945.23
market_beta,2023-03-20,28367.8,8565.54,8867.85,6175.58,4758.84,49.88,269344.89
market_beta,2023-03-27,29017.27,8453.19,8918.18,6395.96,5249.94,56.61,256622.28
market_beta,2023-04-03,37726.38,10589.88,11783.67,9334.79,6018.05,48.31,261894.9
market_beta,2023-04-10,33808.12,9576.42,10391.42,8137.23,5703.06,46.34,276259.81
market_beta,2023-04-17,44025.05,11795.96,12602.14,10944.94,8682.01,53.52,241366.63
market_beta,2023-04-24,36521.56,9358.62,11065.18,9046.08,7051.68,47.51,290427.6
market_beta,2023-05-01,36788.3,10220.96,11658.77,8641.93,6266.64,56.69,268883.55
market_beta,2023-05-08,32414.39,9032.34,8929.91,8584.72,5867.42,56.83,295811.06
market_beta,2023-05-15,33342.6,9382.86,10330.09,7828.91,5800.75,52.19,308019.99
market_beta,2023-05-22,37001.81,10288.79,10909.88,8813.34,6989.79,53.67,274054.35
market_beta,2023-05-29,39640.47,11230.89,12419.21,8594.01,7396.36,50.82,288060.49
market_beta,2023-06-05,35887.52,10383.41,10348.02,8887.71,6268.38,59.45,276654.61
market_beta,2023-06-12,31698.53,8883.34,9357.62,7738.84,5718.72,54.11,290055.25
market_beta,2023-06-19,33372.05,9400.44,9873.63,8358.67,5739.3,54.35,292886.93
market_beta,2023-06-26,27530.88,7664.64,8145.84,6800.34,4920.06,47.21,290328.52
market_beta,2023-07-03,27224.58,8162.8,7816.59,6523.69,4721.5,51.54,256971.48
market_beta,2023-07-10,20708.16,5737.07,6364.21,4932.15,3674.73,46.71,249818.92
market_beta,2023-07-17,16100.5,4368.53,4640.58,4033.37,3058.01,43.59,259076.12
market_beta,2023-07-24,20248.33,5861.54,5886.9,4972.13,3527.76,38.6,240139.36
market_beta,2023-07-31,21680.94,5796.95,7138.11,5039.78,3706.09,39.26,213484.94
market_beta,2023-08-07,14641.06,3990.38,4398.99,3530.86,2720.83,41.35,202395.75
market_beta,2023-08-14,15204.85,4363.06,4372.69,3660.19,2808.91,39.88,204085.5
market_beta,2023-08-21,19783.67,5361.89,6339.3,4540.38,3542.11,39.29,240648.32
market_beta,2023-08-28,22137.37,6313.02,6749.2,5475.95,3599.19,35.91,218080.65
market_beta,2023-09-04,18758.67,5125.36,6001.29,4515.65,3116.37,41.01,207238.08
market_beta,2023-09-11,14099.7,3530.77,4329.88,3556.8,2682.24,37.21,231607.94
market_beta,2023-09-18,10530.29,2908.46,3187.0,2417.39,2017.44,39.08,221201.64
market_beta,2023-09-25,12260.45,3263.27,3788.36,2903.12,2305.69,32.23,209294.52
market_beta,2023-10-02,16901.29,4668.01,5192.1,4000.77,3040.41,40.65,210656.61
market_beta,2023-10-09,12019.75,3221.62,3970.32,2670.34,2157.48,35.29,208705.83
market_beta,2023-10-16,16624.07,4705.5,4847.45,4280.53,2790.59,35.33,215835.45
market_beta,2023-10-23,26391.43,8180.76,7639.79,6132.03,4438.85,36.82,196834.58
market_beta,2023-10-30,27067.4,7237.86,7856.85,6807.77,5164.92,35.22,187646.36
market_beta,2023-11-06,23657.5,7041.64,6536.92,6043.53,4035.42,46.52,207448.29
market_beta,2023-11-13,18278.55,5207.96,5304.05,4577.73,3188.81,43.51,216936.39
market_beta,2023-11-20,21300.4,5889.35,6373.87,4969.6,4067.58,43.11,234588.08
market_beta,2023-11-27,20064.25,5586.85,6217.5,4658.94,3600.96,41.97,231988.05
market_beta,2023-12-04,18199.26,5146.09,5581.77,3987.29,3484.1,40.01,209218.39
market_beta,2023-12-11,18673.83,5129.82,5803.35,4298.24,3442.41,36.29,204670.18
market_beta,2023-12-18,20103.65,5668.25,5326.23,5557.38,3551.8,38.66,235209.27
market_beta,2023-12-25,28872.96,8100.77,8466.83,7082.2,5223.16,39.53,204822.28
market_gamma,2021-01-04,62887.14,26658.4,12711.7,11877.56,11639.48,49.22,66447.4
market_gamma,2021-01-11,61372.72,25202.91,11370.24,12905.24,11894.33,40.42,260739.38
market_gamma,2021-01-18,68069.02,28053.81,12697.39,13395.62,13922.21,57.23,320407.71
market_gamma,2021-01-25,71702.94,30419.96,13965.05,13656.85,13661.08,82.22,364253.91
market_gamma,2021-02-01,54662.88,20036.89,11750.95,10855.96,12019.08,90.11,573510.48
market_gamma,2021-02-08,71509.2,27743.47,13897.31,14977.56,14890.86,98.22,619569.89
market_gamma,2021-02-15,72538.11,27675.56,16049.22,14264.86,14548.46,87.78,669988.43
market_gamma,2021-02-22,81626.07,32653.59,16742.31,15513.96,16716.22,84.15,653487.06
market_gamma,2021-03-01,65952.15,28680.54,13023.4,11649.47,12598.74,98.43,619947.04
market_gamma,2021-03-08,74658.26,29051.35,15077.94,15922.7,14606.26,91.9,667863.62
market_gamma,2021-03-15,87601.89,36424.15,16790.8,17767.33,16619.61,97.98,684132.29
market_gamma,2021-03-22,85948.88,33877.14,17320.32,18108.81,16642.6,93.82,698280.14
market_gamma,2021-03-29,86349.75,35419.1,16142.66,17657.41,17130.59,100.36,673165.9
market_gamma,2021-04-05,85713.35,34484.97,16272.7,16103.2,18852.47,103.86,683396.91
market_gamma,2021-04-12,82614.76,34020.55,16023.53,16210.35,16360.33,103.41,753805.69
market_gamma,2021-04-19,64244.65,26441.81,13538.22,11814.98,12449.63,106.44,728836.85
market_gamma,2021-04-26,72423.7,30649.56,14073.96,14050.0,13650.18,100.59,733990.71
market_gamma,2021-05-03,70367.19,27993.6,14504.61,13504.14,14364.84,99.64,739783.13
market_gamma,2021-05-10,67512.56,26432.78,14730.86,12415.58,13933.33,91.1,721189.84
market_gamma,2021-05-17,76543.75,29466.95,16486.75,15025.79,15564.26,94.95,677947.56
market_gamma,2021-05-24,68427.64,26952.99,13796.72,14346.44,13331.48,101.57,681039.24
market_gamma,2021-05-31,66695.27,26363.65,13023.79,13730.71,13577.12,95.24,685710.42
market_gamma,2021-06-07,59305.32,23313.12,12144.75,11359.83,12487.63,94.55,699083.39
market_gamma,2021-06-14,53361.58,21129.18,10449.36,11144.5,10638.53,92.55,701252.88
market_gamma,2021-06-21,42650.19,16568.77,8915.0,9007.82,8158.6,93.5,671009.41
market_gamma,2021-06-28,54159.69,21465.43,10969.46,11449.99,10274.82,82.55,691802.2
market_gamma,2021-07-05,46392.18,18281.77,9956.06,9095.27,9059.09,76.86,626325.26
market_gamma,2021-07-12,36545.1,14828.5,7668.25,7074.68,6973.68,67.66,605347.28
market_gamma,2021-07-19,34442.64,13499.63,7034.12,6799.11,7109.78,80.84,517223.87
market_gamma,2021-07-26,68679.36,27927.2,13204.99,13363.71,14183.47,72.58,590777.38
market_gamma,2021-08-02,57038.27,22641.04,11644.66,10726.65,12025.93,70.81,565396.68
market_gamma,2021-08-09,42361.9,16890.51,9142.6,8062.11,8266.68,82.64,494895.8
market_gamma,2021-08-16,38836.12,13311.4,8675.08,8690.66,8158.97,84.42,583544.69
market_gamma,2021-08-23,45494.48,18654.61,9551.24,8937.9,8350.73,86.28,598497.89
market_gamma,2021-08-30,23447.85,8765.85,5272.15,4767.6,4642.25,78.43,621416.27
market_gamma,2021-09-06,37722.44,14876.3,7408.26,7629.59,7808.29,74.96,587117.28
market_gamma,2021-09-13,43148.85,16510.17,9001.07,9011.3,8626.31,72.45,574476.3
market_gamma,2021-09-20,67852.46,28312.81,13176.85,13010.84,13351.96,64.64,514455.23
market_gamma,2021-09-27,52277.02,20972.66,10381.35,10807.59,10115.42,76.04,547880.6
market_gamma,2021-10-04,54324.78,23002.77,9899.47,11212.73,10209.8,77.6,535008.03
market_gamma,2021-10-11,24216.95,9063.06,5188.68,4634.05,5331.16,85.21,593352.15
market_gamma,2021-10-18,32163.84,12904.89,6454.81,6556.95,6247.18,77.05,575758.84
market_gamma,2021-10-25,50914.91,19538.4,10423.56,10263.65,10689.3,71.69,593380.73
market_gamma,2021-11-01,58441.66,23929.55,10996.83,11371.77,12143.51,66.22,570721.19
market_gamma,2021-11-08,58288.36,23648.33,11688.01,11596.58,11355.44,76.07,506506.42
market_gamma,2021-11-15,67016.9,27141.48,12653.71,14141.08,13080.63,79.55,506074.78
market_gamma,2021-11-22,58699.8,22898.34,11757.62,11611.63,12432.2,80.62,572015.52
market_gamma,2021-11-29,36511.84,14890.74,6817.69,7094.6,7708.81,89.79,623565.83
market_gamma,2021-12-06,52445.53,21251.91,10412.26,10502.29,10279.07,89.0,623026.7
market_gamma,2021-12-13,38127.1,15535.71,7437.47,7561.38,7592.54,81.83,634390.02
market_gamma,2021-12-20,50088.98,20347.76,10781.26,8847.76,10112.2,70.7,613911.4
market_gamma,2021-12-27,71936.81,28982.72,14882.24,14154.25,13917.59,72.8,557601.76
market_gamma,2022-01-03,55444.65,21992.49,12295.76,9946.01,11210.39,75.86,542602.55
market_gamma,2022-01-10,80305.93,31107.66,17549.47,15186.25,16462.55,95.4,570396.98
market_gamma,2022-01-17,74084.69,31586.6,14353.9,15490.29,12653.9,90.7,616375.13
market_gamma,2022-01-24,80457.96,32915.19,15416.46,16616.69,15509.62,89.88,613844.72
market_gamma,2022-01-31,76493.27,31306.93,14918.93,16810.06,13457.35,97.66,648577.22
market_gamma,2022-02-07,93591.21,38109.28,17902.95,18350.44,19228.53,93.67,681633.81
market_gamma,2022-02-14,98300.41,40119.94,18624.71,19068.91,20486.85,92.54,682227.29
market_gamma,2022-02-21,90470.41,34949.23,18385.86,17494.16,19641.16,107.85,644442.28
market_gamma,2022-02-28,89914.13,36112.17,16900.88,18578.17,18322.91,113.99,707034.63
market_gamma,2022-03-07,87102.83,34112.08,17096.71,18016.69,17877.36,109.66,781588.02
market_gamma,2022-03-14,86592.52,34834.62,16856.64,16853.19,18048.07,112.3,790337.41
market_gamma,2022-03-21,84548.35,32718.21,16015.54,19134.85,16679.74,113.4,788207.21
market_gamma,2022-03-28,82491.47,31760.15,16427.95,16907.88,17395.49,104.58,819080.77
market_gamma,2022-04-04,70326.5,27740.75,14039.48,14406.81,14139.45,105.5,762002.18
market_gamma,2022-04-11,59722.46,24252.49,11574.2,12654.13,11241.64,103.94,797604.18
market_gamma,2022-04-18,84204.44,32906.7,16971.66,16701.06,17625.02,98.01,769146.54
market_gamma,2022-04-25,84186.97,33600.76,17320.37,17488.28,15777.55,93.04,690464.99
market_gamma,2022-05-02,86944.0,35130.6,16986.44,17753.42,17073.54,89.81,660486.2
market_gamma,2022-05-09,69484.6,28222.15,14826.26,12740.25,13695.94,107.28,653621.15
market_gamma,2022-05-16,77908.5,31671.59,13793.35,16610.02,15833.54,99.02,734358.62
market_gamma,2022-05-23,74217.32,30464.91,13777.82,14088.52,15886.07,106.85,727550.42
market_gamma,2022-05-30,74013.76,28257.23,14573.37,15180.89,16002.28,92.54,725190.42
market_gamma,2022-06-06,83211.03,34648.82,17603.01,15391.25,15567.96,99.29,707873.52
market_gamma,2022-06-13,67731.03,25890.25,13250.7,13768.15,14821.94,96.17,692943.66
market_gamma,2022-06-20,60130.16,24425.15,12277.46,11541.67,11885.87,97.56,733307.06
market_gamma,2022-06-27,57087.27,21878.41,11705.38,11475.7,12027.78,97.35,678037.13
market_gamma,2022-07-04,53960.38,20967.66,11371.18,10863.84,10757.69,84.77,721247.99
market_gamma,2022-07-11,43614.35,17976.21,8999.32,8413.47,8225.35,94.17,639327.8
market_gamma,2022-07-18,34171.24,13780.17,6903.55,6713.45,6774.07,84.33,638327.22
market_gamma,2022-07-25,44593.47,18339.64,8702.08,9229.79,8321.96,76.42,633745.04
market_gamma,2022-08-01,40379.63,16028.03,7767.38,7866.17,8718.05,77.44,582258.97
market_gamma,2022-08-08,40565.5,14742.12,8220.24,8880.39,8722.75,65.43,556238.4
market_gamma,2022-08-15,48223.37,18696.36,10041.0,10048.12,9437.9,76.51,512924.29
market_gamma,2022-08-22,53567.33,21793.12,10370.68,10826.29,10577.24,75.29,534998.63
market_gamma,2022-08-29,44691.47,18202.19,8746.25,8623.66,9119.37,81.08,554634.61
market_gamma,2022-09-05,50286.15,20380.34,9708.26,10155.2,10042.35,83.8,564744.87
market_gamma,2022-09-12,54157.72,21179.88,11350.39,11587.83,10039.61,80.17,621788.25
market_gamma,2022-09-19,60098.79,22822.66,12447.89,13089.95,11738.3,77.65,568729.9
market_gamma,2022-09-26,52066.81,20376.74,10699.79,10305.01,10685.27,77.83,557453.51
market_gamma,2022-10-03,40838.86,15982.34,8616.45,8308.03,7932.04,83.36,564704.02
market_gamma,2022-10-10,50796.51,20195.0,10422.22,9929.66,10249.61,83.96,605587.43
market_gamma,2022-10-17,44839.24,17338.14,9254.27,9618.73,8628.11,75.98,611514.98
market_gamma,2022-10-24,49691.79,20412.88,9392.91,9258.9,10627.1,72.23,578714.73
market_gamma,2022-10-31,48005.48,18827.51,10156.17,8793.26,10228.54,79.47,529432.98
market_gamma,2022-11-07,49948.2,19775.44,10161.38,9961.12,10050.27,73.29,564550.38
market_gamma,2022-11-14,43760.39,17695.35,8483.0,9294.61,8287.43,81.3,566257.95
market_gamma,2022-11-21,49365.44,20541.05,9214.42,9674.77,9935.21,76.49,571154.75
market_gamma,2022-11-28,59968.01,23661.79,11606.87,11991.32,12708.02,78.73,564473.46
market_gamma,2022-12-05,53713.52,22125.45,10762.24,10749.1,10076.73,71.8,573913.92
market_gamma,2022-12-12,62993.3,23516.0,12971.17,13630.78,12875.35,87.45,518814.68
market_gamma,2022-12-19,62296.45,25578.43,12407.72,12348.69,11961.61,87.63,583770.28
market_gamma,2022-12-26,59600.65,23326.95,11889.99,12337.61,12046.1,82.8,623382.55
market_gamma,2023-01-02,54301.42,22645.71,10558.89,11479.98,9616.84,86.63,634945.69
market_gamma,2023-01-09,61268.01,23033.33,13259.7,12281.93,12693.05,87.03,609790.8
market_gamma,2023-01-16,65725.16,26862.93,13101.86,13314.49,12445.88,83.96,590058.78
market_gamma,2023-01-23,65026.78,25335.15,13317.04,13302.85,13071.75,85.65,634099.32
market_gamma,2023-01-30,71553.24,26714.69,14870.15,15477.61,14490.8,90.53,627499.74
market_gamma,2023-02-06,94231.83,35313.36,20489.32,18877.63,19551.51,80.58,628395.76
market_gamma,2023-02-13,98081.17,38544.58,20175.99,20404.77,18955.82,98.13,601540.71
market_gamma,2023-02-20,92837.64,37496.76,18173.97,19191.24,17975.66,107.13,654950.67
market_gamma,2023-02-27,89981.8,36322.47,17681.73,18100.47,17877.14,100.81,724147.81
market_gamma,2023-03-06,64522.4,25741.04,12562.49,13125.56,13093.31,109.62,723845.97
market_gamma,2023-03-13,70454.06,28615.95,13019.8,14786.17,14032.14,107.18,755375.13
market_gamma,2023-03-20,74662.96,30124.02,13666.15,15835.79,15037.0,97.62,778628.73
market_gamma,2023-03-27,81007.88,33740.66,15898.27,15341.39,16027.56,87.17,737025.9
market_gamma,2023-04-03,81688.19,30771.82,16999.65,16882.4,17034.32,97.49,648247.96
market_gamma,2023-04-10,81583.11,32005.22,15991.15,17841.98,15744.77,94.27,701825.82
market_gamma,2023-04-17,86258.76,33907.06,17484.25,18355.59,16511.86,98.07,707296.95
market_gamma,2023-04-24,78703.12,29836.01,16503.33,16095.5,16268.27,102.49,720433.17
market_gamma,2023-05-01,81846.35,31248.31,16510.67,17375.24,16712.13,95.0,735391.75
market_gamma,2023-05-08,80069.78,32754.17,16029.25,15740.8,15545.56,98.19,688053.48
market_gamma,2023-05-15,74632.78,29047.92,15508.69,15476.77,14599.4,98.03,677888.05
market_gamma,2023-05-22,61125.07,23944.57,12578.76,11934.93,12666.82,96.59,680324.38
market_gamma,2023-05-29,66882.89,25928.56,13648.57,13299.45,14006.32,98.94,720983.07
market_gamma,2023-06-05,73315.7,28765.19,14651.14,14569.36,15330.01,88.32,691750.68
market_gamma,2023-06-12,69413.6,28022.2,14353.26,13961.29,13076.85,84.98,643039.89
market_gamma,2023-06-19,62122.89,25413.38,12414.12,11957.13,12338.25,83.55,647890.66
market_gamma,2023-06-26,62555.88,23650.21,13294.1,11972.39,13639.18,92.51,610421.65
market_gamma,2023-07-03,52555.62,21720.81,10162.41,10003.42,10668.99,94.67,647956.17
market_gamma,2023-07-10,48611.16,19985.21,9724.91,9502.47,9398.57,90.48,669222.62
market_gamma,2023-07-17,48539.73,18218.34,10285.51,9333.54,10702.34,86.29,679737.16
market_gamma,2023-07-24,32741.77,14536.48,6177.74,5967.54,6060.01,83.27,635324.85
market_gamma,2023-07-31,40328.91,15975.53,8319.04,8102.94,7931.41,80.43,589681.23
market_gamma,2023-08-07,42991.96,17267.18,8588.73,8520.76,8615.28,68.39,573451.37
market_gamma,2023-08-14,54235.61,21401.53,11544.24,10614.29,10675.55,73.46,524174.85
market_gamma,2023-08-21,59639.1,25122.31,12632.59,10944.15,10940.05,82.72,516392.31
market_gamma,2023-08-28,59330.73,25124.24,12364.53,11549.84,10292.12,69.69,601367.08
market_gamma,2023-09-04,45684.51,18248.55,8890.08,9941.73,8604.15,87.26,566814.56
market_gamma,2023-09-11,50989.24,20801.54,9456.6,10659.89,10071.21,80.97,590282.51
market_gamma,2023-09-18,42705.8,16851.24,8999.38,8388.59,8466.59,88.26,610924.91
market_gamma,2023-09-25,33170.47,13375.4,6765.55,6639.09,6390.43,76.07,594772.06
market_gamma,2023-10-02,17330.98,7130.88,3695.32,3112.53,3392.24,78.47,576894.03
market_gamma,2023-10-09,29807.95,11007.26,6103.54,6141.75,6555.4,69.49,566277.98
market_gamma,2023-10-16,21070.01,8145.93,4187.22,4431.29,4305.57,65.25,512652.77
market_gamma,2023-10-23,32319.65,13779.43,5931.09,6089.87,6519.26,59.31,478709.63
market_gamma,2023-10-30,27753.46,11341.15,5370.66,5911.38,5130.27,61.66,430848.73
market_gamma,2023-11-06,26743.13,10245.81,5926.15,5634.56,4936.61,56.29,451303.22
market_gamma,2023-11-13,35965.12,14585.0,6943.58,7367.98,7068.55,65.67,447945.45
market_gamma,2023-11-20,39643.17,16836.87,7332.49,7975.25,7498.56,68.2,466748.6
market_gamma,2023-11-27,33476.63,13918.29,6485.34,6511.63,6561.37,64.73,504029.63
market_gamma,2023-12-04,44579.7,17818.83,9236.06,8492.73,9032.08,66.9,481489.87
market_gamma,2023-12-11,48692.06,18587.86,10335.33,10192.24,9576.63,66.89,497582.84
market_gamma,2023-12-18,47490.54,18441.94,10157.66,9013.64,9877.3,67.37,485468.67
market_gamma,2023-12-25,51094.36,19846.46,10618.01,10254.01,10375.88,78.07,475990.16
market_delta,2021-01-04,32964.91,9783.41,8788.58,7631.51,6761.41,0.0,35297.9
market_delta,2021-01-11,29449.23,9314.06,7712.25,7025.97,5396.95,0.0,27090.2
market_delta,2021-01-18,33391.77,9765.2,9811.86,7186.22,6628.49,0.0,42959.77
market_delta,2021-01-25,36184.56,10416.8,9899.99,8485.58,7382.19,0.0,52263.15
market_delta,2021-02-01,42296.99,12897.44,10964.15,9625.13,8810.27,0.0,59895.54
market_delta,2021-02-08,51101.17,15504.77,14557.8,10806.27,10232.33,0.0,79524.76
market_delta,2021-02-15,43460.67,13622.1,12039.26,9109.61,8689.71,0.0,65110.1
market_delta,2021-02-22,40270.24,11977.04,11232.02,8968.24,8092.93,0.0,77744.67
market_delta,2021-03-01,48814.59,14360.61,13599.82,10995.99,9858.17,0.0,78169.86
market_delta,2021-03-08,42690.51,11785.45,12586.79,9876.65,8441.63,0.0,102251.25
market_delta,2021-03-15,29962.52,9548.68,7996.3,6088.93,6328.61,0.0,92930.02
market_delta,2021-03-22,34269.83,10679.85,9485.44,7767.63,6336.9,0.0,102330.06
market_delta,2021-03-29,35074.46,10506.9,9804.01,8412.1,6351.45,0.0,85460.67
market_delta,2021-04-05,37432.57,9982.0,10619.39,8667.8,8163.38,0.0,76586.46
market_delta,2021-04-12,50391.59,15688.2,13776.36,10599.19,10327.83,0.0,73354.26
market_delta,2021-04-19,53124.29,15614.33,14906.53,12023.35,10580.08,0.0,67541.24
market_delta,2021-04-26,45736.22,14176.25,13544.85,9680.05,8335.07,0.0,81769.71
market_delta,2021-05-03,46388.77,13436.13,13957.88,9397.96,9596.8,0.0,79616.28
market_delta,2021-05-10,54628.88,16921.33,15181.76,11886.7,10639.08,0.0,68198.56
market_delta,2021-05-17,52061.89,16647.78,13731.16,11718.76,9964.19,0.0,85669.06
market_delta,2021-05-24,45983.62,13117.44,13278.15,10071.32,9516.7,0.0,60734.39
market_delta,2021-05-31,52434.27,15097.01,14877.88,11681.28,10778.1,0.0,88180.14
market_delta,2021-06-07,40164.05,12607.04,11115.23,8934.42,7507.36,0.0,117378.79
market_delta,2021-06-14,43783.71,13105.82,12074.49,10108.25,8495.15,0.0,80114.14
market_delta,2021-06-21,29208.92,8454.45,8448.09,6661.35,5645.03,0.0,87404.14
market_delta,2021-06-28,29039.06,8800.52,8418.64,5956.83,5863.07,0.0,93000.24
market_delta,2021-07-05,34987.43,10417.87,10417.66,7781.58,6370.33,0.0,89439.42
market_delta,2021-07-12,33648.54,9910.21,9642.99,7219.5,6875.84,0.0,84914.13
market_delta,2021-07-19,30687.79,9425.33,8486.0,6708.88,6067.58,0.0,82088.83
market_delta,2021-07-26,29478.64,8862.56,8432.63,6459.83,5723.62,0.0,60909.28
market_delta,2021-08-02,29276.14,8688.05,8520.93,6558.93,5508.23,0.0,61670.68
market_delta,2021-08-09,27076.73,7879.5,7686.34,5558.59,5952.3,0.0,85026.52
market_delta,2021-08-16,23553.97,6782.17,6803.48,4758.15,5210.18,0.0,82514.8
market_delta,2021-08-23,15302.38,4509.97,4450.01,3221.81,3120.58,0.0,63685.44
market_delta,2021-08-30,26569.56,7797.62,7503.45,5935.27,5333.22,0.0,73673.82
market_delta,2021-09-06,26363.01,7360.56,7459.63,6186.43,5356.4,0.0,54916.48
market_delta,2021-09-13,15333.17,4605.09,4255.89,3377.13,3095.06,0.0,49795.92
market_delta,2021-09-20,17466.68,5433.43,4960.4,3613.59,3459.26,0.0,55042.25
market_delta,2021-09-27,22077.16,6481.42,6033.11,5203.27,4359.35,0.0,66559.57
market_delta,2021-10-04,23706.07,7299.29,6566.24,5171.36,4669.18,0.0,69488.31
market_delta,2021-10-11,21240.77,6753.8,5739.04,4638.33,4109.6,0.0,60116.0
market_delta,2021-10-18,15552.87,4670.87,4335.51,3375.06,3171.42,0.0,29144.3
market_delta,2021-10-25,15570.53,4501.22,4424.71,3707.63,2936.97,0.0,43741.69
market_delta,2021-11-01,15450.79,4762.67,4210.01,3361.82,3116.29,0.0,59877.23
market_delta,2021-11-08,13076.2,3803.94,3919.75,2819.29,2533.21,0.0,46174.69
market_delta,2021-11-15,18131.7,5473.04,5102.72,4098.43,3457.5,0.0,62251.76
market_delta,2021-11-22,20922.46,6638.98,5525.31,4410.87,4347.3,0.0,59317.88
market_delta,2021-11-29,13107.1,3904.58,3698.23,2819.13,2685.16,0.0,61936.5
market_delta,2021-12-06,20426.16,5894.99,5621.14,4626.05,4283.97,0.0,40048.47
market_delta,2021-12-13,28700.48,8730.77,8485.49,6003.94,5480.28,0.0,61730.96
market_delta,2021-12-20,37252.9,11288.16,10204.72,8274.38,7485.63,0.0,81814.49
market_delta,2021-12-27,32438.71,9952.72,9385.64,6488.52,6611.83,0.0,52571.72
market_delta,2022-01-03,32257.17,9246.7,9092.08,7168.94,6749.45,0.0,65232.03
market_delta,2022-01-10,41564.28,12571.15,11021.03,8908.42,9063.68,0.0,59513.99
market_delta,2022-01-17,33642.67,9848.39,10114.48,7272.78,6407.03,0.0,68596.31
market_delta,2022-01-24,39906.76,10936.92,11908.31,9277.51,7784.01,0.0,40553.25
market_delta,2022-01-31,39051.94,11740.04,10894.39,8837.17,7580.33,0.0,76223.66
market_delta,2022-02-07,35580.95,10760.31,9466.03,8314.9,7039.72,0.0,92097.07
market_delta,2022-02-14,43637.92,11945.15,12565.8,9921.32,9205.65,0.0,69480.77
market_delta,2022-02-21,48181.37,15006.48,12561.87,10760.41,9852.61,0.0,64314.93
market_delta,2022-02-28,40243.34,12237.6,12353.02,8450.45,7202.27,0.0,87226.41
market_delta,2022-03-07,46053.48,13636.89,13462.59,10012.14,8941.86,0.0,69787.03
market_delta,2022-03-14,39398.52,12128.13,10456.9,8784.86,8028.63,0.0,65487.42
market_delta,2022-03-21,37253.65,11470.36,10253.19,7889.13,7640.96,0.0,100396.88
market_delta,2022-03-28,45275.33,13612.66,12348.47,10188.98,9125.23,0.0,58101.27
market_delta,2022-04-04,36657.07,10422.58,10301.45,8399.41,7533.63,0.0,96196.56
market_delta,2022-04-11,33495.39,10274.52,9341.28,7106.14,6773.46,0.0,70962.87
market_delta,2022-04-18,30040.53,8632.48,8208.01,7106.53,6093.52,0.0,61393.29
market_delta,2022-04-25,46995.65,14305.22,12912.68,10050.23,9727.51,0.0,101870.14
market_delta,2022-05-02,45739.72,12930.34,13441.8,9397.07,9970.51,0.0,62855.31
market_delta,2022-05-09,44648.92,12759.5,13180.44,9599.74,9109.24,0.0,62329.56
market_delta,2022-05-16,37217.33,11058.11,10561.1,8271.52,7326.6,0.0,78775.18
market_delta,2022-05-23,39697.7,12186.21,10902.61,8202.2,8406.68,0.0,63543.83
market_delta,2022-05-30,43757.5,12605.65,13128.39,8957.81,9065.65,0.0,71813.23
market_delta,2022-06-06,39064.44,12308.31,10531.63,8718.71,7505.79,0.0,101988.7
market_delta,2022-06-13,31674.47,9834.65,8712.11,6894.14,6233.57,0.0,95712.98
market_delta,2022-06-20,27099.93,8843.02,7376.39,5828.1,5052.41,0.0,79388.74
market_delta,2022-06-27,24985.28,7370.14,7070.04,5589.83,4955.28,0.0,102484.56
market_delta,2022-07-04,33598.21,10944.99,9545.38,6840.14,6267.69,0.0,67341.96
market_delta,2022-07-11,29937.73,8397.75,8748.82,6580.68,6210.48,0.0,72283.77
market_delta,2022-07-18,30106.58,8876.38,9049.14,6313.45,5867.62,0.0,64324.88
market_delta,2022-07-25,25165.48,7188.85,7562.81,5348.04,5065.78,0.0,62396.27
market_delta,2022-08-01,28073.34,8050.28,7983.28,6344.86,5694.92,0.0,60800.82
market_delta,2022-08-08,26243.18,7864.08,7185.7,5981.16,5212.24,0.0,79504.7
market_delta,2022-08-15,24568.73,7692.32,6472.52,5452.27,4951.62,0.0,51064.02
market_delta,2022-08-22,28149.88,8201.25,7996.28,6113.1,5839.24,0.0,60005.43
market_delta,2022-08-29,25444.73,7455.94,7105.69,5658.4,5224.71,0.0,37412.22
market_delta,2022-09-05,34796.05,10290.81,10051.83,7569.81,6883.6,0.0,63031.01
market_delta,2022-09-12,33370.09,10212.82,8832.3,7131.97,7193.0,0.0,80856.99
market_delta,2022-09-19,23395.75,6965.17,6776.6,4977.67,4676.3,0.0,49737.24
market_delta,2022-09-26,20295.37,6370.99,5532.79,4384.36,4007.23,0.0,85435.48
market_delta,2022-10-03,17749.83,5706.44,4912.8,3923.93,3206.66,0.0,63619.2
market_delta,2022-10-10,18296.39,5371.98,5502.5,4009.54,3412.37,0.0,75489.41
market_delta,2022-10-17,28751.3,8393.4,8591.98,5833.7,5932.22,0.0,50016.37
market_delta,2022-10-24,35005.2,10450.05,9825.58,7854.22,6875.35,0.0,55079.89
market_delta,2022-10-31,23913.18,7398.84,6804.76,5288.77,4420.81,0.0,48258.94
market_delta,2022-11-07,24378.03,7616.21,6303.44,5489.12,4969.26,0.0,70478.57
market_delta,2022-11-14,24291.11,7137.56,6701.24,5643.13,4809.18,0.0,72223.18
market_delta,2022-11-21,21348.51,6109.96,5737.85,4706.16,4794.53,0.0,63675.51
market_delta,2022-11-28,26637.3,8782.94,7240.11,5826.5,4787.75,0.0,56068.59
market_delta,2022-12-05,26598.23,7704.47,7348.52,6386.85,5158.38,0.0,69657.15
market_delta,2022-12-12,30665.96,10395.0,8128.38,6153.58,5989.0,0.0,65932.68
market_delta,2022-12-19,26043.78,7430.47,7309.68,6122.95,5180.68,0.0,55461.08
market_delta,2022-12-26,26046.06,7947.11,7257.73,5546.38,5294.83,0.0,71321.4
market_delta,2023-01-02,29010.71,8326.07,8923.94,6336.84,5423.86,0.0,54105.65
market_delta,2023-01-09,33528.13,10855.89,8896.32,7335.61,6440.31,0.0,48262.43
market_delta,2023-01-16,31354.46,9584.61,9398.46,6470.66,5900.72,0.0,72122.98
market_delta,2023-01-23,33407.86,9085.1,9516.23,7731.12,7075.41,0.0,69099.67
market_delta,2023-01-30,30713.63,8882.4,8718.71,6959.7,6152.82,0.0,51931.85
market_delta,2023-02-06,36819.93,11189.91,10581.2,7741.74,7307.08,0.0,60946.65
market_delta,2023-02-13,41891.53,13126.19,11504.07,9292.11,7969.17,0.0,55753.49
market_delta,2023-02-20,34884.91,10819.86,9914.06,7226.21,6924.78,0.0,60144.17
market_delta,2023-02-27,37773.02,11785.99,10675.1,7797.16,7514.78,0.0,66150.55
market_delta,2023-03-06,33935.73,10208.72,9896.96,6991.18,6838.87,0.0,77249.97
market_delta,2023-03-13,38691.47,11315.11,10728.57,8766.1,7881.68,0.0,72149.68
market_delta,2023-03-20,39150.54,11343.8,11299.94,8992.65,7514.15,0.0,67999.18
market_delta,2023-03-27,41553.52,11623.78,12178.34,9003.74,8747.66,0.0,57115.26
market_delta,2023-04-03,39830.97,11584.79,11455.95,8518.72,8271.51,0.0,77205.3
market_delta,2023-04-10,40491.54,13021.42,10712.95,8684.74,8072.43,0.0,84428.19
market_delta,2023-04-17,40527.18,12423.5,11871.84,8257.64,7974.2,0.0,70043.57
market_delta,2023-04-24,38028.52,10631.57,11310.74,8547.83,7538.39,0.0,86132.88
market_delta,2023-05-01,35485.54,11024.02,9852.97,7845.3,6763.25,0.0,77020.7
market_delta,2023-05-08,22329.38,6694.23,6276.2,4831.93,4527.02,0.0,71042.87
market_delta,2023-05-15,27424.02,8505.2,7782.4,5736.84,5399.58,0.0,79570.12
market_delta,2023-05-22,33696.21,10151.44,9255.9,7559.25,6729.61,0.0,63878.5
market_delta,2023-05-29,34141.04,9757.79,9797.89,7634.74,6950.62,0.0,65785.67
market_delta,2023-06-05,45491.06,13090.77,12991.02,10387.61,9021.66,0.0,79290.14
market_delta,2023-06-12,38046.14,11664.38,10850.9,8171.06,7359.8,0.0,72081.37
market_delta,2023-06-19,28504.68,8701.86,7795.37,6268.41,5739.03,0.0,57237.98
market_delta,2023-06-26,29382.13,8358.95,8390.14,6519.71,6113.33,0.0,68280.89
market_delta,2023-07-03,18744.54,5499.84,5411.34,4065.4,3767.96,0.0,38475.43
market_delta,2023-07-10,18715.69,5732.1,5148.31,4049.26,3786.02,0.0,65617.99
market_delta,2023-07-17,26686.03,7635.75,7321.08,6662.56,5066.64,0.0,49415.67
market_delta,2023-07-24,29485.38,8776.49,8559.29,6003.79,6145.82,0.0,56248.53
market_delta,2023-07-31,29417.26,9420.86,7510.45,6446.66,6039.28,0.0,54633.44
market_delta,2023-08-07,33279.74,9406.05,9390.26,7684.61,6798.82,0.0,56726.12
market_delta,2023-08-14,31497.18,9953.94,8655.5,6666.34,6221.4,0.0,84883.62
market_delta,2023-08-21,30885.8,9131.63,8776.26,7000.76,5977.15,0.0,58565.18
market_delta,2023-08-28,27041.94,8096.12,7520.51,6044.01,5381.31,0.0,69756.11
market_delta,2023-09-04,28509.9,9107.69,7626.69,5837.13,5938.39,0.0,44508.0
market_delta,2023-09-11,17291.92,5250.14,4952.37,3707.7,3381.71,0.0,65568.73
market_delta,2023-09-18,17124.17,5208.45,4795.75,3536.28,3583.68,0.0,80634.14
market_delta,2023-09-25,18196.19,5730.98,4736.47,4089.33,3639.41,0.0,57476.45
market_delta,2023-10-02,17052.06,5116.09,4749.92,3769.51,3416.54,0.0,60363.18
market_delta,2023-10-09,23933.23,7930.02,6158.81,5056.88,4787.53,0.0,48169.07
market_delta,2023-10-16,30717.11,8620.31,8561.95,6966.5,6568.35,0.0,35036.7
market_delta,2023-10-23,24621.98,7551.19,6736.62,5282.77,5051.4,0.0,40274.49
market_delta,2023-10-30,24434.54,7060.67,7089.12,5562.85,4721.9,0.0,43827.23
market_delta,2023-11-06,25434.89,7908.01,7360.24,5385.59,4781.05,0.0,52047.66
market_delta,2023-11-13,26535.98,7818.21,7432.97,5927.6,5357.2,0.0,78815.55
market_delta,2023-11-20,23632.27,6840.12,7111.93,5143.28,4536.93,0.0,60953.3
market_delta,2023-11-27,27063.12,8100.95,7394.87,6113.65,5453.65,0.0,52258.51
market_delta,2023-12-04,32650.69,9165.4,9035.95,7534.82,6914.53,0.0,56653.55
market_delta,2023-12-11,20894.7,6238.46,6033.03,4562.24,4060.97,0.0,81573.93
market_delta,2023-12-18,25863.38,8122.82,7806.55,5211.12,4722.89,0.0,57263.59
market_delta,2023-12-25,29458.0,8426.58,8246.6,6389.38,6395.45,0.0,74826.13
